{
  "meta": {
    "title": "Guia Prático — Antibioticoterapia (Adulto)",
    "contentVersion": "2026-02-05",
    "sourcePdf": "GUIA ATB - FINAL 2.pdf",
    "generatedAt": "2026-02-05T19:28:50.371248Z"
  },
  "systems": [
    {
      "slug": "gastrointestinal",
      "name": "Gastrointestinal",
      "count": 11
    },
    {
      "slug": "geniturinario",
      "name": "Geniturinario",
      "count": 7
    },
    {
      "slug": "ginecologia-obstetricia",
      "name": "Ginecologia Obstetricia",
      "count": 8
    },
    {
      "slug": "infeccoes-sistemicas",
      "name": "Infeccoes Sistemicas",
      "count": 8
    },
    {
      "slug": "orl",
      "name": "Orl",
      "count": 30
    },
    {
      "slug": "pele-partes-moles",
      "name": "Pele Partes Moles",
      "count": 12
    },
    {
      "slug": "profilaxia-cirurgica",
      "name": "Profilaxia Cirurgica",
      "count": 8
    },
    {
      "slug": "respiratorio",
      "name": "Respiratorio",
      "count": 11
    }
  ],
  "nodes": [
    {
      "id": "bfa1a15efd74",
      "system": "respiratorio",
      "type": "pathology",
      "title": "CAPÍTULO 1 — Pneumonia adquirida na comunidade (PAC) — Adulto",
      "slug": "capitulo-1-pneumonia-adquirida-na-comunidade-pac-adulto",
      "source": {
        "pdf": "GUIA ATB - FINAL 2.pdf",
        "toc_page": 3,
        "page_start": 3,
        "page_end": 3
      },
      "rawText": "Guia Prático — Antibioticoterapia (Adulto) \nPágina 3 \n1) Artrite séptica de articulação nativa ................................................................................................... 29 \nSistema: Infecções Sistemicas ......................................................................................................................... 31 \nPROTOCOLO DE SEPSE ADULTO— PS / hospital de médio porte .................................................................... 31 \n1) Abrir protocolo (Tempo Zero) ............................................................................................................. 31 \n2) Pacote da 1ª hora (executar e registrar horários) ............................................................................... 31 \n3) Choque séptico e vasopressor ............................................................................................................. 31 \n4) Até 6 horas (reavaliação obrigatória) .................................................................................................. 32 \n5) Itens padrões ....................................................................................................................................... 32 \n6) Antibiótico empírico por foco ............................................................................................................. 33 \n ................................................................................................................................................................. 33 \nGINECOLOGIA E OBSTETRÍCIA ......................................................................................................................... 34 \nDoença Inflamatória Pélvica (DIP/PID) — leve a moderada (ambulatorial)............................................ 34 \nDIP/PID — grave / indicação de internação (terapia parenteral) ........................................................... 35 \nVaginose bacteriana (BV) ........................................................................................................................ 35 \nTricomoníase ........................................................................................................................................... 36 \nCandidíase vulvovaginal (VVC) ................................................................................................................ 36 \nEndometrite pós-parto ............................................................................................................................ 36 \nMastite lactacional (quando quadro bacteriano / falha de medidas conservadoras / doença mais \nintensa) .................................................................................................................................................... 37 \nPROFILAXIA CIRÚRGICA (Adulto) ..................................................................................................................... 38 \n1) Objetivo e “regras” .............................................................................................................................. 38 \n2) Timing prático (janela) ......................................................................................................................... 38 \n3) Doses e redose intraoperatória (tabela núcleo) ................................................................................. 38 \n4) Situações especiais .............................................................................................................................. 39 \nA) Colonização/alto risco de MRSA ......................................................................................................... 39 \nB) Alergia a betalactâmico ....................................................................................................................... 39 \n5) Escolha rápida por procedimento (os mais comuns) .......................................................................... 39 \n \n \n \n \n \n \nCAPÍTULO 1 — Pneumonia adquirida na comunidade (PAC) — Adulto \nBase principal: ATS/IDSA 2019 (guideline e sumário executivo) + pathway de implementação.  \n3.1 Agentes etiológicos prováveis  \n \nTípicos: Streptococcus pneumoniae, H. influenzae, Moraxella catarrhalis.",
      "isDemo": true
    },
    {
      "id": "3be187f40491",
      "system": "respiratorio",
      "type": "topic",
      "title": "3.1 Agentes etiológicos prováveis",
      "slug": "3-1-agentes-etiologicos-provaveis",
      "source": {
        "pdf": "GUIA ATB - FINAL 2.pdf",
        "toc_page": 3,
        "page_start": 3,
        "page_end": 3
      },
      "rawText": null,
      "isDemo": false
    },
    {
      "id": "d9b83b363c90",
      "system": "respiratorio",
      "type": "topic",
      "title": "3.2 Quando pensar em MRSA ou Pseudomonas (para decidir “ampliar”)",
      "slug": "3-2-quando-pensar-em-mrsa-ou-pseudomonas-para-decidir-ampliar",
      "source": {
        "pdf": "GUIA ATB - FINAL 2.pdf",
        "toc_page": 4,
        "page_start": 4,
        "page_end": 4
      },
      "rawText": null,
      "isDemo": false
    },
    {
      "id": "821517074ef7",
      "system": "respiratorio",
      "type": "topic",
      "title": "3.3 Tratamento empírico (doses, via, cenários)",
      "slug": "3-3-tratamento-empirico-doses-via-cenarios",
      "source": {
        "pdf": "GUIA ATB - FINAL 2.pdf",
        "toc_page": 4,
        "page_start": 4,
        "page_end": 4
      },
      "rawText": null,
      "isDemo": false
    },
    {
      "id": "028915a2243c",
      "system": "respiratorio",
      "type": "pathology",
      "title": "E) Se risco para MRSA : adicionar e “preparar descalonamento”",
      "slug": "e-se-risco-para-mrsa-adicionar-e-preparar-descalonamento",
      "source": {
        "pdf": "GUIA ATB - FINAL 2.pdf",
        "toc_page": 5,
        "page_start": 5,
        "page_end": 5
      },
      "rawText": null,
      "isDemo": false
    },
    {
      "id": "d22ed99aa1f2",
      "system": "respiratorio",
      "type": "pathology",
      "title": "F) Se risco para Pseudomonas: cobertura antipseudomonas",
      "slug": "f-se-risco-para-pseudomonas-cobertura-antipseudomonas",
      "source": {
        "pdf": "GUIA ATB - FINAL 2.pdf",
        "toc_page": 5,
        "page_start": 5,
        "page_end": 5
      },
      "rawText": null,
      "isDemo": false
    },
    {
      "id": "39827a9e5c93",
      "system": "respiratorio",
      "type": "pathology",
      "title": "Capítulo 4 — Síndromes de aspiração: pneumonite química vs pneumonia aspirativa",
      "slug": "capitulo-4-sindromes-de-aspiracao-pneumonite-quimica-vs-pneumonia-aspirativa",
      "source": {
        "pdf": "GUIA ATB - FINAL 2.pdf",
        "toc_page": 6,
        "page_start": 6,
        "page_end": 6
      },
      "rawText": null,
      "isDemo": false
    },
    {
      "id": "cc20ab9a0046",
      "system": "respiratorio",
      "type": "topic",
      "title": "1) Conceito que muda tudo (para não “hipertratar”)",
      "slug": "1-conceito-que-muda-tudo-para-nao-hipertratar",
      "source": {
        "pdf": "GUIA ATB - FINAL 2.pdf",
        "toc_page": 6,
        "page_start": 6,
        "page_end": 6
      },
      "rawText": null,
      "isDemo": false
    },
    {
      "id": "a957f239ae1e",
      "system": "respiratorio",
      "type": "topic",
      "title": "2) Como diferenciar no plantão (heurística prática)",
      "slug": "2-como-diferenciar-no-plantao-heuristica-pratica",
      "source": {
        "pdf": "GUIA ATB - FINAL 2.pdf",
        "toc_page": 6,
        "page_start": 6,
        "page_end": 6
      },
      "rawText": null,
      "isDemo": false
    },
    {
      "id": "303168069097",
      "system": "respiratorio",
      "type": "topic",
      "title": "3) Ponto crítico de stewardship: anaeróbios",
      "slug": "3-ponto-critico-de-stewardship-anaerobios",
      "source": {
        "pdf": "GUIA ATB - FINAL 2.pdf",
        "toc_page": 6,
        "page_start": 6,
        "page_end": 6
      },
      "rawText": null,
      "isDemo": false
    },
    {
      "id": "7d93ad893aa1",
      "system": "respiratorio",
      "type": "topic",
      "title": "4) Tratamento antibiótico",
      "slug": "4-tratamento-antibiotico",
      "source": {
        "pdf": "GUIA ATB - FINAL 2.pdf",
        "toc_page": 7,
        "page_start": 7,
        "page_end": 7
      },
      "rawText": null,
      "isDemo": false
    },
    {
      "id": "ebf163a9e57a",
      "system": "orl",
      "type": "pathology",
      "title": "MÓDULO ORL — VIAS AÉREAS SUPERIORES (Pronto-socorro)",
      "slug": "modulo-orl-vias-aereas-superiores-pronto-socorro",
      "source": {
        "pdf": "GUIA ATB - FINAL 2.pdf",
        "toc_page": 7,
        "page_start": 7,
        "page_end": 7
      },
      "rawText": null,
      "isDemo": false
    },
    {
      "id": "a19f14f4f3f9",
      "system": "orl",
      "type": "pathology",
      "title": "Rinossinusite aguda e Sinusite bacteriana aguda — Adultos",
      "slug": "rinossinusite-aguda-e-sinusite-bacteriana-aguda-adultos",
      "source": {
        "pdf": "GUIA ATB - FINAL 2.pdf",
        "toc_page": 7,
        "page_start": 7,
        "page_end": 7
      },
      "rawText": "Guia Prático — Antibioticoterapia (Adulto) \nPágina 7 \n4) Tratamento antibiótico  \n \n \nMÓDULO ORL — VIAS AÉREAS SUPERIORES (Pronto-socorro) \nRinossinusite aguda e Sinusite bacteriana aguda — Adultos \nAgentes prováveis (quando bacteriana): S. pneumoniae, H. influenzae, M. catarrhalis (os “3 clássicos”).  \n1) Diagnóstico prático – Pontos chaves \nRinossinusite viral provável: sintomas <10 dias e sem piora progressiva.  \nRinossinusite bacteriana provável se houver 1 dos critérios abaixo: \n \nPersistência de secreção nasal purulenta + obstrução nasal e/ou dor/pressão facial ≥10 dias sem \nmelhora, ou \n \nDupla piora (“double worsening”): piora dentro de 10 dias após melhora inicial.  \n \nImagem (RX/TC): não solicitar se quadro típico e sem suspeita de complicação/diagnóstico \nalternativo.",
      "isDemo": true
    },
    {
      "id": "119d16dae968",
      "system": "orl",
      "type": "topic",
      "title": "1) Diagnóstico prático – Pontos chaves",
      "slug": "1-diagnostico-pratico-pontos-chaves",
      "source": {
        "pdf": "GUIA ATB - FINAL 2.pdf",
        "toc_page": 7,
        "page_start": 7,
        "page_end": 7
      },
      "rawText": null,
      "isDemo": false
    },
    {
      "id": "5184c2371e40",
      "system": "orl",
      "type": "topic",
      "title": "2) Conduta: sintomático vs antibiótico",
      "slug": "2-conduta-sintomatico-vs-antibiotico",
      "source": {
        "pdf": "GUIA ATB - FINAL 2.pdf",
        "toc_page": 8,
        "page_start": 8,
        "page_end": 8
      },
      "rawText": null,
      "isDemo": false
    },
    {
      "id": "dce6f39be443",
      "system": "orl",
      "type": "topic",
      "title": "3) Se decidiu tratar com antibiótico (empírico)",
      "slug": "3-se-decidiu-tratar-com-antibiotico-empirico",
      "source": {
        "pdf": "GUIA ATB - FINAL 2.pdf",
        "toc_page": 8,
        "page_start": 8,
        "page_end": 8
      },
      "rawText": null,
      "isDemo": false
    },
    {
      "id": "01e862dd6e32",
      "system": "orl",
      "type": "topic",
      "title": "4) Falha terapêutica (gatilho objetivo)",
      "slug": "4-falha-terapeutica-gatilho-objetivo",
      "source": {
        "pdf": "GUIA ATB - FINAL 2.pdf",
        "toc_page": 8,
        "page_start": 8,
        "page_end": 8
      },
      "rawText": null,
      "isDemo": false
    },
    {
      "id": "3785395bf727",
      "system": "orl",
      "type": "pathology",
      "title": "Faringoamigdalite estreptocócica (GAS) — Adolescentes/Adultos",
      "slug": "faringoamigdalite-estreptococica-gas-adolescentes-adultos",
      "source": {
        "pdf": "GUIA ATB - FINAL 2.pdf",
        "toc_page": 8,
        "page_start": 8,
        "page_end": 8
      },
      "rawText": null,
      "isDemo": false
    },
    {
      "id": "2ad8f399d8a5",
      "system": "orl",
      "type": "topic",
      "title": "1) Tratamento",
      "slug": "1-tratamento",
      "source": {
        "pdf": "GUIA ATB - FINAL 2.pdf",
        "toc_page": 9,
        "page_start": 9,
        "page_end": 9
      },
      "rawText": null,
      "isDemo": false
    },
    {
      "id": "7c02270b3865",
      "system": "orl",
      "type": "pathology",
      "title": "Otite Externa Aguda Difusa (Swimmer’s ear)",
      "slug": "otite-externa-aguda-difusa-swimmer-s-ear",
      "source": {
        "pdf": "GUIA ATB - FINAL 2.pdf",
        "toc_page": 9,
        "page_start": 9,
        "page_end": 9
      },
      "rawText": null,
      "isDemo": false
    },
    {
      "id": "c7a16a4ec5f4",
      "system": "orl",
      "type": "topic",
      "title": "1) Diagnóstico mínimo (para não confundir com OMA/dermatites)",
      "slug": "1-diagnostico-minimo-para-nao-confundir-com-oma-dermatites",
      "source": {
        "pdf": "GUIA ATB - FINAL 2.pdf",
        "toc_page": 9,
        "page_start": 9,
        "page_end": 9
      },
      "rawText": null,
      "isDemo": false
    },
    {
      "id": "b760bcf5614e",
      "system": "orl",
      "type": "topic",
      "title": "2) Agentes prováveis",
      "slug": "2-agentes-provaveis",
      "source": {
        "pdf": "GUIA ATB - FINAL 2.pdf",
        "toc_page": 9,
        "page_start": 9,
        "page_end": 9
      },
      "rawText": null,
      "isDemo": false
    },
    {
      "id": "20aaae2f187a",
      "system": "orl",
      "type": "topic",
      "title": "3) Tratamento",
      "slug": "3-tratamento",
      "source": {
        "pdf": "GUIA ATB - FINAL 2.pdf",
        "toc_page": 9,
        "page_start": 9,
        "page_end": 9
      },
      "rawText": null,
      "isDemo": false
    },
    {
      "id": "86e43f2348a9",
      "system": "orl",
      "type": "topic",
      "title": "4) Quando indicar antibiótico sistêmico (exceção)",
      "slug": "4-quando-indicar-antibiotico-sistemico-excecao",
      "source": {
        "pdf": "GUIA ATB - FINAL 2.pdf",
        "toc_page": 10,
        "page_start": 10,
        "page_end": 10
      },
      "rawText": null,
      "isDemo": false
    },
    {
      "id": "faf215504db6",
      "system": "orl",
      "type": "topic",
      "title": "5) Reavaliação e “falha”",
      "slug": "5-reavaliacao-e-falha",
      "source": {
        "pdf": "GUIA ATB - FINAL 2.pdf",
        "toc_page": 10,
        "page_start": 10,
        "page_end": 10
      },
      "rawText": null,
      "isDemo": false
    },
    {
      "id": "b0d670a04a0a",
      "system": "orl",
      "type": "pathology",
      "title": "Otite Média Aguda (OMA) — Adulto",
      "slug": "otite-media-aguda-oma-adulto",
      "source": {
        "pdf": "GUIA ATB - FINAL 2.pdf",
        "toc_page": 10,
        "page_start": 10,
        "page_end": 10
      },
      "rawText": null,
      "isDemo": false
    },
    {
      "id": "2e47f8b5cbf5",
      "system": "orl",
      "type": "topic",
      "title": "1) Definição prática (para evitar “dor de ouvido = antibiótico”)",
      "slug": "1-definicao-pratica-para-evitar-dor-de-ouvido-antibiotico",
      "source": {
        "pdf": "GUIA ATB - FINAL 2.pdf",
        "toc_page": 10,
        "page_start": 10,
        "page_end": 10
      },
      "rawText": null,
      "isDemo": false
    },
    {
      "id": "7df63af916b9",
      "system": "orl",
      "type": "topic",
      "title": "2) Agentes prováveis (cobertura-alvo)",
      "slug": "2-agentes-provaveis-cobertura-alvo",
      "source": {
        "pdf": "GUIA ATB - FINAL 2.pdf",
        "toc_page": 10,
        "page_start": 10,
        "page_end": 10
      },
      "rawText": null,
      "isDemo": false
    },
    {
      "id": "9a8de875d37d",
      "system": "orl",
      "type": "topic",
      "title": "3) Quem precisa avaliação hospitalar/urgente (não “tratar e mandar embora”)",
      "slug": "3-quem-precisa-avaliacao-hospitalar-urgente-nao-tratar-e-mandar-embora",
      "source": {
        "pdf": "GUIA ATB - FINAL 2.pdf",
        "toc_page": 11,
        "page_start": 11,
        "page_end": 11
      },
      "rawText": null,
      "isDemo": false
    },
    {
      "id": "366ede655f3a",
      "system": "orl",
      "type": "topic",
      "title": "4) Tratamento sintomático (sempre)",
      "slug": "4-tratamento-sintomatico-sempre",
      "source": {
        "pdf": "GUIA ATB - FINAL 2.pdf",
        "toc_page": 11,
        "page_start": 11,
        "page_end": 11
      },
      "rawText": null,
      "isDemo": false
    },
    {
      "id": "d18f07930ed9",
      "system": "orl",
      "type": "topic",
      "title": "5) Antibiótico — quando e qual (adulto)",
      "slug": "5-antibiotico-quando-e-qual-adulto",
      "source": {
        "pdf": "GUIA ATB - FINAL 2.pdf",
        "toc_page": 11,
        "page_start": 11,
        "page_end": 11
      },
      "rawText": null,
      "isDemo": false
    },
    {
      "id": "05842c4b969d",
      "system": "orl",
      "type": "topic",
      "title": "5.1 Estratégia de prescrição",
      "slug": "5-1-estrategia-de-prescricao",
      "source": {
        "pdf": "GUIA ATB - FINAL 2.pdf",
        "toc_page": 11,
        "page_start": 11,
        "page_end": 11
      },
      "rawText": null,
      "isDemo": false
    },
    {
      "id": "2313373341ba",
      "system": "orl",
      "type": "topic",
      "title": "6) Esquemas antibióticos (adulto)",
      "slug": "6-esquemas-antibioticos-adulto",
      "source": {
        "pdf": "GUIA ATB - FINAL 2.pdf",
        "toc_page": 11,
        "page_start": 11,
        "page_end": 11
      },
      "rawText": null,
      "isDemo": false
    },
    {
      "id": "217369b54d83",
      "system": "orl",
      "type": "topic",
      "title": "7) Situações especiais",
      "slug": "7-situacoes-especiais",
      "source": {
        "pdf": "GUIA ATB - FINAL 2.pdf",
        "toc_page": 12,
        "page_start": 12,
        "page_end": 12
      },
      "rawText": null,
      "isDemo": false
    },
    {
      "id": "9888aa922c53",
      "system": "orl",
      "type": "pathology",
      "title": "Celulite periorbitária (pré-septal) vs celulite orbitária — PS (Adulto e Pedi)",
      "slug": "celulite-periorbitaria-pre-septal-vs-celulite-orbitaria-ps-adulto-e-pedi",
      "source": {
        "pdf": "GUIA ATB - FINAL 2.pdf",
        "toc_page": 12,
        "page_start": 12,
        "page_end": 12
      },
      "rawText": null,
      "isDemo": false
    },
    {
      "id": "d6fd19551e19",
      "system": "orl",
      "type": "topic",
      "title": "1) Separação prática (isso define “ambulatório” vs “internação + TC + especialidades”)",
      "slug": "1-separacao-pratica-isso-define-ambulatorio-vs-internacao-tc-especialidades",
      "source": {
        "pdf": "GUIA ATB - FINAL 2.pdf",
        "toc_page": 12,
        "page_start": 12,
        "page_end": 12
      },
      "rawText": null,
      "isDemo": false
    },
    {
      "id": "4bc9932f7d55",
      "system": "orl",
      "type": "topic",
      "title": "2) Agentes prováveis (para cobertura-alvo)",
      "slug": "2-agentes-provaveis-para-cobertura-alvo",
      "source": {
        "pdf": "GUIA ATB - FINAL 2.pdf",
        "toc_page": 12,
        "page_start": 12,
        "page_end": 12
      },
      "rawText": null,
      "isDemo": false
    },
    {
      "id": "2fb5d4510487",
      "system": "orl",
      "type": "topic",
      "title": "3) Conduta imediata (PS)",
      "slug": "3-conduta-imediata-ps",
      "source": {
        "pdf": "GUIA ATB - FINAL 2.pdf",
        "toc_page": 13,
        "page_start": 13,
        "page_end": 13
      },
      "rawText": null,
      "isDemo": false
    },
    {
      "id": "58d6469693fa",
      "system": "orl",
      "type": "topic",
      "title": "4) Tratamento",
      "slug": "4-tratamento",
      "source": {
        "pdf": "GUIA ATB - FINAL 2.pdf",
        "toc_page": 13,
        "page_start": 13,
        "page_end": 13
      },
      "rawText": null,
      "isDemo": false
    },
    {
      "id": "eccde43f8d59",
      "system": "orl",
      "type": "pathology",
      "title": "A) Pré-septal leve, sem red flags, com exame ocular preservado (ambulatorial)",
      "slug": "a-pre-septal-leve-sem-red-flags-com-exame-ocular-preservado-ambulatorial",
      "source": {
        "pdf": "GUIA ATB - FINAL 2.pdf",
        "toc_page": 13,
        "page_start": 13,
        "page_end": 13
      },
      "rawText": null,
      "isDemo": false
    },
    {
      "id": "de33521bffea",
      "system": "orl",
      "type": "pathology",
      "title": "B) Orbitária suspeita/confirmada (internação)",
      "slug": "b-orbitaria-suspeita-confirmada-internacao",
      "source": {
        "pdf": "GUIA ATB - FINAL 2.pdf",
        "toc_page": 13,
        "page_start": 13,
        "page_end": 13
      },
      "rawText": null,
      "isDemo": false
    },
    {
      "id": "06a26a8abfbd",
      "system": "geniturinario",
      "type": "pathology",
      "title": "Sistema Geniturinário (adulto): ITU e condições associadas",
      "slug": "sistema-geniturinario-adulto-itu-e-condicoes-associadas",
      "source": {
        "pdf": "GUIA ATB - FINAL 2.pdf",
        "toc_page": 13,
        "page_start": 13,
        "page_end": 13
      },
      "rawText": null,
      "isDemo": false
    },
    {
      "id": "b5e1ca91fb44",
      "system": "geniturinario",
      "type": "pathology",
      "title": "Cistite não complicada (mulher não gestante)",
      "slug": "cistite-nao-complicada-mulher-nao-gestante",
      "source": {
        "pdf": "GUIA ATB - FINAL 2.pdf",
        "toc_page": 14,
        "page_start": 14,
        "page_end": 14
      },
      "rawText": "Guia Prático — Antibioticoterapia (Adulto) \nPágina 14 \n \nSempre diferencie: \ncistite baixa (sem febre/dor lombar) vs ITU sistêmica/pielonefrite (febre, calafrios, dor lombar, \nvômitos, instabilidade) vs ITU complicada (homem, obstrução, cateter, imunossupressão, litíase, IR, \nDM descompensado, falha, MDR/ESBL etc.).  \n \nStep-down / descalonamento: assim que houver melhora clínica e via oral possível, trocar EV → VO \ne estreitar espectro conforme antibiograma se coletado.  \n \nCistite não complicada (mulher não gestante) \nPatógenos prováveis: E. coli (principal), outros enterobactérias.  \nTratamento (preferência: curto, dirigido à urina) \nSubtópico / Situação \nEsquema / Conduta \nNotas \nPrimeira linha \n• Fosfomicina trometamol 3 g VO dose única (1 dia). \n• Nitrofurantoína 100 mg 6/6 h por 5-7 dias \n \nAlternativas (se elegível e \nconforme resistência local) \n• Cefalosporina oral: Cefalexina 500 mg 6/6 h por 5-7 dias \n• SMX-TMP 800/160 mg VO 12/12h por 3-5 dias \n \nEvitar \n \nAminopenicilinas e fluoroquinolonas para cistite \nnão complicada (impacto ecológico/resistência).  \n \n \n \n \nAlertas práticos \n \nNitrofurantoína: contraindicar se eGFR < 30 mL/min/1,73 m². \n \nSintomas que sobem o “nível” (tratar como pielonefrite/ITU sistêmica): febre, dor lombar, vômitos, \ntoxemia. \n \nCistite em homem (sem sinais sistêmicos) \nSubtópico / Situação \nEsquema / Conduta \nNotas \nAmbulatorial (sem critérios \nde internação) - Opções orais \nempíricas \n• Ciprofloxacino 500–750 mg VO 12/12h por 7 dias \n• Levofloxacino 750 mg VO 1×/dia por 5 dias \n• SMX-TMP 800/160 mg 12/12 h por 14 dias \n \nEvitar \nEvitar para pielonefrite: nitrofurantoína, fosfomicina VO",
      "isDemo": true
    },
    {
      "id": "33b9df1c0d6a",
      "system": "geniturinario",
      "type": "pathology",
      "title": "Cistite em homem (sem sinais sistêmicos)",
      "slug": "cistite-em-homem-sem-sinais-sistemicos",
      "source": {
        "pdf": "GUIA ATB - FINAL 2.pdf",
        "toc_page": 14,
        "page_start": 14,
        "page_end": 14
      },
      "rawText": null,
      "isDemo": false
    },
    {
      "id": "c4cb191a01d6",
      "system": "geniturinario",
      "type": "pathology",
      "title": "Pielonefrite aguda não complicada (ambulatorial vs internação)",
      "slug": "pielonefrite-aguda-nao-complicada-ambulatorial-vs-internacao",
      "source": {
        "pdf": "GUIA ATB - FINAL 2.pdf",
        "toc_page": 15,
        "page_start": 15,
        "page_end": 15
      },
      "rawText": null,
      "isDemo": false
    },
    {
      "id": "cf7e01299a88",
      "system": "geniturinario",
      "type": "pathology",
      "title": "ITU complicada (cUTI) e ITU associada a cateter (CAUTI)",
      "slug": "itu-complicada-cuti-e-itu-associada-a-cateter-cauti",
      "source": {
        "pdf": "GUIA ATB - FINAL 2.pdf",
        "toc_page": 16,
        "page_start": 16,
        "page_end": 16
      },
      "rawText": null,
      "isDemo": false
    },
    {
      "id": "e07c4d90f92f",
      "system": "geniturinario",
      "type": "pathology",
      "title": "GU-5) Prostatite bacteriana aguda (ABP)",
      "slug": "gu-5-prostatite-bacteriana-aguda-abp",
      "source": {
        "pdf": "GUIA ATB - FINAL 2.pdf",
        "toc_page": 16,
        "page_start": 16,
        "page_end": 16
      },
      "rawText": null,
      "isDemo": false
    },
    {
      "id": "363ff4ca9bfe",
      "system": "geniturinario",
      "type": "pathology",
      "title": "Epididimite (abordagem orientada por risco: IST vs enterobactéria)",
      "slug": "epididimite-abordagem-orientada-por-risco-ist-vs-enterobacteria",
      "source": {
        "pdf": "GUIA ATB - FINAL 2.pdf",
        "toc_page": 17,
        "page_start": 17,
        "page_end": 17
      },
      "rawText": null,
      "isDemo": false
    },
    {
      "id": "756353653663",
      "system": "gastrointestinal",
      "type": "pathology",
      "title": "GASTROINTESTINAL E INFECÇÕES INTRA-ABDOMINAIS",
      "slug": "gastrointestinal-e-infeccoes-intra-abdominais",
      "source": {
        "pdf": "GUIA ATB - FINAL 2.pdf",
        "toc_page": 17,
        "page_start": 17,
        "page_end": 17
      },
      "rawText": null,
      "isDemo": false
    },
    {
      "id": "383a63f66513",
      "system": "gastrointestinal",
      "type": "topic",
      "title": "1) Princípios operacionais do sistema (valem para todos os quadros)",
      "slug": "1-principios-operacionais-do-sistema-valem-para-todos-os-quadros",
      "source": {
        "pdf": "GUIA ATB - FINAL 2.pdf",
        "toc_page": 17,
        "page_start": 17,
        "page_end": 17
      },
      "rawText": null,
      "isDemo": false
    },
    {
      "id": "993bec9a2e96",
      "system": "gastrointestinal",
      "type": "topic",
      "title": "2) Infecção intra-abdominal complicada (extra-biliar)",
      "slug": "2-infeccao-intra-abdominal-complicada-extra-biliar",
      "source": {
        "pdf": "GUIA ATB - FINAL 2.pdf",
        "toc_page": 18,
        "page_start": 18,
        "page_end": 18
      },
      "rawText": null,
      "isDemo": false
    },
    {
      "id": "83789eb2ca81",
      "system": "gastrointestinal",
      "type": "topic",
      "title": "3) Apendicite (adulto)",
      "slug": "3-apendicite-adulto",
      "source": {
        "pdf": "GUIA ATB - FINAL 2.pdf",
        "toc_page": 19,
        "page_start": 19,
        "page_end": 19
      },
      "rawText": null,
      "isDemo": false
    },
    {
      "id": "2e793d5f195c",
      "system": "gastrointestinal",
      "type": "topic",
      "title": "4) Colecistite aguda (adulto)",
      "slug": "4-colecistite-aguda-adulto",
      "source": {
        "pdf": "GUIA ATB - FINAL 2.pdf",
        "toc_page": 19,
        "page_start": 19,
        "page_end": 19
      },
      "rawText": null,
      "isDemo": false
    },
    {
      "id": "d0b097fc1963",
      "system": "gastrointestinal",
      "type": "topic",
      "title": "5) Colangite aguda (adulto)",
      "slug": "5-colangite-aguda-adulto",
      "source": {
        "pdf": "GUIA ATB - FINAL 2.pdf",
        "toc_page": 19,
        "page_start": 19,
        "page_end": 19
      },
      "rawText": null,
      "isDemo": false
    },
    {
      "id": "c5136688f86a",
      "system": "gastrointestinal",
      "type": "topic",
      "title": "6) Diverticulite aguda (adulto)",
      "slug": "6-diverticulite-aguda-adulto",
      "source": {
        "pdf": "GUIA ATB - FINAL 2.pdf",
        "toc_page": 20,
        "page_start": 20,
        "page_end": 20
      },
      "rawText": null,
      "isDemo": false
    },
    {
      "id": "e12485f11c4d",
      "system": "gastrointestinal",
      "type": "topic",
      "title": "7) Diarreia aguda infecciosa / gastroenterite (adulto)",
      "slug": "7-diarreia-aguda-infecciosa-gastroenterite-adulto",
      "source": {
        "pdf": "GUIA ATB - FINAL 2.pdf",
        "toc_page": 20,
        "page_start": 20,
        "page_end": 20
      },
      "rawText": null,
      "isDemo": false
    },
    {
      "id": "59f0bd986fa9",
      "system": "gastrointestinal",
      "type": "topic",
      "title": "8) Colite por Clostridioides difficile (CDI) — adulto",
      "slug": "8-colite-por-clostridioides-difficile-cdi-adulto",
      "source": {
        "pdf": "GUIA ATB - FINAL 2.pdf",
        "toc_page": 21,
        "page_start": 21,
        "page_end": 21
      },
      "rawText": null,
      "isDemo": false
    },
    {
      "id": "d9bf0e9ec6ba",
      "system": "gastrointestinal",
      "type": "pathology",
      "title": "SISTEMA GASTROINTESTINAL / HEPATOBILIAR",
      "slug": "sistema-gastrointestinal-hepatobiliar",
      "source": {
        "pdf": "GUIA ATB - FINAL 2.pdf",
        "toc_page": 21,
        "page_start": 21,
        "page_end": 21
      },
      "rawText": null,
      "isDemo": false
    },
    {
      "id": "ac95fd5898cf",
      "system": "gastrointestinal",
      "type": "pathology",
      "title": "Peritonite Bacteriana Espontânea (SBP) — cirrose/ascite",
      "slug": "peritonite-bacteriana-espontanea-sbp-cirrose-ascite",
      "source": {
        "pdf": "GUIA ATB - FINAL 2.pdf",
        "toc_page": 21,
        "page_start": 21,
        "page_end": 21
      },
      "rawText": null,
      "isDemo": false
    },
    {
      "id": "6d7001d2a3d0",
      "system": "pele-partes-moles",
      "type": "pathology",
      "title": "Sistema: Pele e Partes Moles (SSTI) — Tratamento aprofundado (Adulto)",
      "slug": "sistema-pele-e-partes-moles-ssti-tratamento-aprofundado-adulto",
      "source": {
        "pdf": "GUIA ATB - FINAL 2.pdf",
        "toc_page": 22,
        "page_start": 22,
        "page_end": 22
      },
      "rawText": null,
      "isDemo": false
    },
    {
      "id": "2d7bbe0cac99",
      "system": "pele-partes-moles",
      "type": "topic",
      "title": "1) Passo 1 — Classifique",
      "slug": "1-passo-1-classifique",
      "source": {
        "pdf": "GUIA ATB - FINAL 2.pdf",
        "toc_page": 22,
        "page_start": 22,
        "page_end": 22
      },
      "rawText": null,
      "isDemo": false
    },
    {
      "id": "fb152ad46266",
      "system": "pele-partes-moles",
      "type": "pathology",
      "title": "A) SSTI PURULENTA",
      "slug": "a-ssti-purulenta",
      "source": {
        "pdf": "GUIA ATB - FINAL 2.pdf",
        "toc_page": 22,
        "page_start": 22,
        "page_end": 22
      },
      "rawText": null,
      "isDemo": false
    },
    {
      "id": "de7194785d57",
      "system": "pele-partes-moles",
      "type": "pathology",
      "title": "SISTEMA PELE E PARTES MOLES (SSTI)",
      "slug": "sistema-pele-e-partes-moles-ssti",
      "source": {
        "pdf": "GUIA ATB - FINAL 2.pdf",
        "toc_page": 23,
        "page_start": 23,
        "page_end": 23
      },
      "rawText": null,
      "isDemo": false
    },
    {
      "id": "d6727e942b9c",
      "system": "pele-partes-moles",
      "type": "pathology",
      "title": "B) SSTI NÃO PURULENTA — ERISIPELA / CELULITE (Adulto)",
      "slug": "b-ssti-nao-purulenta-erisipela-celulite-adulto",
      "source": {
        "pdf": "GUIA ATB - FINAL 2.pdf",
        "toc_page": 23,
        "page_start": 23,
        "page_end": 24
      },
      "rawText": null,
      "isDemo": false
    },
    {
      "id": "3c26b876f0f2",
      "system": "pele-partes-moles",
      "type": "pathology",
      "title": "C) CELULITE RECORRENTE — Profilaxia (Adulto)",
      "slug": "c-celulite-recorrente-profilaxia-adulto",
      "source": {
        "pdf": "GUIA ATB - FINAL 2.pdf",
        "toc_page": 25,
        "page_start": 25,
        "page_end": 25
      },
      "rawText": null,
      "isDemo": false
    },
    {
      "id": "7dca03c2dc78",
      "system": "pele-partes-moles",
      "type": "pathology",
      "title": "D) INFECÇÃO DE SÍTIO CIRÚRGICO (SSI)",
      "slug": "d-infeccao-de-sitio-cirurgico-ssi",
      "source": {
        "pdf": "GUIA ATB - FINAL 2.pdf",
        "toc_page": 26,
        "page_start": 26,
        "page_end": 26
      },
      "rawText": null,
      "isDemo": false
    },
    {
      "id": "2059d4c8b755",
      "system": "pele-partes-moles",
      "type": "pathology",
      "title": "E) INFECÇÕES NECROSANTES — Fasciíte necrosante / Fournier",
      "slug": "e-infeccoes-necrosantes-fasciite-necrosante-fournier",
      "source": {
        "pdf": "GUIA ATB - FINAL 2.pdf",
        "toc_page": 26,
        "page_start": 26,
        "page_end": 26
      },
      "rawText": null,
      "isDemo": false
    },
    {
      "id": "d8fb744dabf9",
      "system": "pele-partes-moles",
      "type": "pathology",
      "title": "F) PIOMIOSITE",
      "slug": "f-piomiosite",
      "source": {
        "pdf": "GUIA ATB - FINAL 2.pdf",
        "toc_page": 27,
        "page_start": 27,
        "page_end": 27
      },
      "rawText": null,
      "isDemo": false
    },
    {
      "id": "7fd90ed7a3cc",
      "system": "pele-partes-moles",
      "type": "pathology",
      "title": "H) MORDEDURAS (cão/gato) e mordedura humana",
      "slug": "h-mordeduras-cao-gato-e-mordedura-humana",
      "source": {
        "pdf": "GUIA ATB - FINAL 2.pdf",
        "toc_page": 27,
        "page_start": 27,
        "page_end": 28
      },
      "rawText": null,
      "isDemo": false
    },
    {
      "id": "fef9e0e67790",
      "system": "pele-partes-moles",
      "type": "pathology",
      "title": "I) TÉTANO em feridas (nota operacional)",
      "slug": "i-tetano-em-feridas-nota-operacional",
      "source": {
        "pdf": "GUIA ATB - FINAL 2.pdf",
        "toc_page": 29,
        "page_start": 29,
        "page_end": 29
      },
      "rawText": null,
      "isDemo": false
    },
    {
      "id": "c7e782b3f741",
      "system": "pele-partes-moles",
      "type": "topic",
      "title": "1) Artrite séptica de articulação nativa",
      "slug": "1-artrite-septica-de-articulacao-nativa",
      "source": {
        "pdf": "GUIA ATB - FINAL 2.pdf",
        "toc_page": 29,
        "page_start": 29,
        "page_end": 30
      },
      "rawText": null,
      "isDemo": false
    },
    {
      "id": "b104ac4fd288",
      "system": "infeccoes-sistemicas",
      "type": "pathology",
      "title": "Sistema: Infecções Sistemicas",
      "slug": "sistema-infeccoes-sistemicas",
      "source": {
        "pdf": "GUIA ATB - FINAL 2.pdf",
        "toc_page": 31,
        "page_start": 31,
        "page_end": 31
      },
      "rawText": null,
      "isDemo": false
    },
    {
      "id": "0c97901fc5d5",
      "system": "infeccoes-sistemicas",
      "type": "pathology",
      "title": "PROTOCOLO DE SEPSE ADULTO— PS / hospital de médio porte",
      "slug": "protocolo-de-sepse-adulto-ps-hospital-de-medio-porte",
      "source": {
        "pdf": "GUIA ATB - FINAL 2.pdf",
        "toc_page": 31,
        "page_start": 31,
        "page_end": 31
      },
      "rawText": null,
      "isDemo": false
    },
    {
      "id": "b9a7ea928d43",
      "system": "infeccoes-sistemicas",
      "type": "topic",
      "title": "1) Abrir protocolo (Tempo Zero)",
      "slug": "1-abrir-protocolo-tempo-zero",
      "source": {
        "pdf": "GUIA ATB - FINAL 2.pdf",
        "toc_page": 31,
        "page_start": 31,
        "page_end": 31
      },
      "rawText": null,
      "isDemo": false
    },
    {
      "id": "224e17925ec3",
      "system": "infeccoes-sistemicas",
      "type": "topic",
      "title": "2) Pacote da 1ª hora (executar e registrar horários)",
      "slug": "2-pacote-da-1a-hora-executar-e-registrar-horarios",
      "source": {
        "pdf": "GUIA ATB - FINAL 2.pdf",
        "toc_page": 31,
        "page_start": 31,
        "page_end": 31
      },
      "rawText": null,
      "isDemo": false
    },
    {
      "id": "e9ec03c0675b",
      "system": "infeccoes-sistemicas",
      "type": "topic",
      "title": "3) Choque séptico e vasopressor",
      "slug": "3-choque-septico-e-vasopressor",
      "source": {
        "pdf": "GUIA ATB - FINAL 2.pdf",
        "toc_page": 31,
        "page_start": 31,
        "page_end": 31
      },
      "rawText": null,
      "isDemo": false
    },
    {
      "id": "367ff8e88e94",
      "system": "infeccoes-sistemicas",
      "type": "topic",
      "title": "4) Até 6 horas (reavaliação obrigatória)",
      "slug": "4-ate-6-horas-reavaliacao-obrigatoria",
      "source": {
        "pdf": "GUIA ATB - FINAL 2.pdf",
        "toc_page": 32,
        "page_start": 32,
        "page_end": 32
      },
      "rawText": null,
      "isDemo": false
    },
    {
      "id": "760866df3054",
      "system": "infeccoes-sistemicas",
      "type": "topic",
      "title": "5) Itens padrões",
      "slug": "5-itens-padroes",
      "source": {
        "pdf": "GUIA ATB - FINAL 2.pdf",
        "toc_page": 32,
        "page_start": 32,
        "page_end": 32
      },
      "rawText": null,
      "isDemo": false
    },
    {
      "id": "705b83b64bb2",
      "system": "infeccoes-sistemicas",
      "type": "topic",
      "title": "6) Antibiótico empírico por foco",
      "slug": "6-antibiotico-empirico-por-foco",
      "source": {
        "pdf": "GUIA ATB - FINAL 2.pdf",
        "toc_page": 33,
        "page_start": 33,
        "page_end": 33
      },
      "rawText": null,
      "isDemo": false,
      "addenda": [
        {
          "type": "image",
          "label": "Tabela (guia) — Antibiótico empírico por foco",
          "src": "/assets/guide/page33_antibiotico_por_foco.png",
          "page": 33,
          "note": "Imagem oficial do guia; conferir no guia para detalhes."
        }
      ]
    },
    {
      "id": "4810a81f90d4",
      "system": "ginecologia-obstetricia",
      "type": "pathology",
      "title": "GINECOLOGIA E OBSTETRÍCIA",
      "slug": "ginecologia-e-obstetricia",
      "source": {
        "pdf": "GUIA ATB - FINAL 2.pdf",
        "toc_page": 34,
        "page_start": 34,
        "page_end": 34
      },
      "rawText": null,
      "isDemo": false
    },
    {
      "id": "214dccf236de",
      "system": "ginecologia-obstetricia",
      "type": "pathology",
      "title": "Doença Inflamatória Pélvica (DIP/PID) — leve a moderada (ambulatorial)",
      "slug": "doenca-inflamatoria-pelvica-dip-pid-leve-a-moderada-ambulatorial",
      "source": {
        "pdf": "GUIA ATB - FINAL 2.pdf",
        "toc_page": 34,
        "page_start": 34,
        "page_end": 34
      },
      "rawText": null,
      "isDemo": false
    },
    {
      "id": "d86e3051ab38",
      "system": "ginecologia-obstetricia",
      "type": "pathology",
      "title": "DIP/PID — grave / indicação de internação (terapia parenteral)",
      "slug": "dip-pid-grave-indicacao-de-internacao-terapia-parenteral",
      "source": {
        "pdf": "GUIA ATB - FINAL 2.pdf",
        "toc_page": 35,
        "page_start": 35,
        "page_end": 35
      },
      "rawText": null,
      "isDemo": false
    },
    {
      "id": "de050bafbebb",
      "system": "ginecologia-obstetricia",
      "type": "pathology",
      "title": "Vaginose bacteriana (BV)",
      "slug": "vaginose-bacteriana-bv",
      "source": {
        "pdf": "GUIA ATB - FINAL 2.pdf",
        "toc_page": 35,
        "page_start": 35,
        "page_end": 35
      },
      "rawText": null,
      "isDemo": false
    },
    {
      "id": "9def24c51da9",
      "system": "ginecologia-obstetricia",
      "type": "pathology",
      "title": "Tricomoníase",
      "slug": "tricomoniase",
      "source": {
        "pdf": "GUIA ATB - FINAL 2.pdf",
        "toc_page": 36,
        "page_start": 36,
        "page_end": 36
      },
      "rawText": null,
      "isDemo": false
    },
    {
      "id": "da6a2e648b0f",
      "system": "ginecologia-obstetricia",
      "type": "pathology",
      "title": "Candidíase vulvovaginal (VVC)",
      "slug": "candidiase-vulvovaginal-vvc",
      "source": {
        "pdf": "GUIA ATB - FINAL 2.pdf",
        "toc_page": 36,
        "page_start": 36,
        "page_end": 36
      },
      "rawText": null,
      "isDemo": false
    },
    {
      "id": "bd3b566b8dad",
      "system": "ginecologia-obstetricia",
      "type": "pathology",
      "title": "Endometrite pós-parto",
      "slug": "endometrite-pos-parto",
      "source": {
        "pdf": "GUIA ATB - FINAL 2.pdf",
        "toc_page": 36,
        "page_start": 36,
        "page_end": 36
      },
      "rawText": null,
      "isDemo": false
    },
    {
      "id": "d8dd40f5afe5",
      "system": "ginecologia-obstetricia",
      "type": "pathology",
      "title": "intensa)",
      "slug": "intensa",
      "source": {
        "pdf": "GUIA ATB - FINAL 2.pdf",
        "toc_page": 37,
        "page_start": 37,
        "page_end": 37
      },
      "rawText": null,
      "isDemo": false
    },
    {
      "id": "30e743aa4621",
      "system": "profilaxia-cirurgica",
      "type": "pathology",
      "title": "PROFILAXIA CIRÚRGICA (Adulto)",
      "slug": "profilaxia-cirurgica-adulto",
      "source": {
        "pdf": "GUIA ATB - FINAL 2.pdf",
        "toc_page": 38,
        "page_start": 38,
        "page_end": 38
      },
      "rawText": null,
      "isDemo": false
    },
    {
      "id": "83162d0f9f1d",
      "system": "profilaxia-cirurgica",
      "type": "topic",
      "title": "1) Objetivo e “regras”",
      "slug": "1-objetivo-e-regras",
      "source": {
        "pdf": "GUIA ATB - FINAL 2.pdf",
        "toc_page": 38,
        "page_start": 38,
        "page_end": 38
      },
      "rawText": null,
      "isDemo": false
    },
    {
      "id": "6df77e8a0dd3",
      "system": "profilaxia-cirurgica",
      "type": "topic",
      "title": "2) Timing prático (janela)",
      "slug": "2-timing-pratico-janela",
      "source": {
        "pdf": "GUIA ATB - FINAL 2.pdf",
        "toc_page": 38,
        "page_start": 38,
        "page_end": 38
      },
      "rawText": null,
      "isDemo": false
    },
    {
      "id": "48cb004af5bb",
      "system": "profilaxia-cirurgica",
      "type": "topic",
      "title": "3) Doses e redose intraoperatória (tabela núcleo)",
      "slug": "3-doses-e-redose-intraoperatoria-tabela-nucleo",
      "source": {
        "pdf": "GUIA ATB - FINAL 2.pdf",
        "toc_page": 38,
        "page_start": 38,
        "page_end": 38
      },
      "rawText": null,
      "isDemo": false,
      "addenda": [
        {
          "type": "image",
          "label": "Tabela (guia) — Doses e redose intraoperatória",
          "src": "/assets/guide/page38_redose_tabela.png",
          "page": 38,
          "note": "Imagem oficial do guia; conferir no guia para detalhes."
        }
      ]
    },
    {
      "id": "92ece42b4638",
      "system": "profilaxia-cirurgica",
      "type": "topic",
      "title": "4) Situações especiais",
      "slug": "4-situacoes-especiais",
      "source": {
        "pdf": "GUIA ATB - FINAL 2.pdf",
        "toc_page": 39,
        "page_start": 39,
        "page_end": 39
      },
      "rawText": null,
      "isDemo": false
    },
    {
      "id": "97ae613d324a",
      "system": "profilaxia-cirurgica",
      "type": "pathology",
      "title": "A) Colonização/alto risco de MRSA",
      "slug": "a-colonizacao-alto-risco-de-mrsa",
      "source": {
        "pdf": "GUIA ATB - FINAL 2.pdf",
        "toc_page": 39,
        "page_start": 39,
        "page_end": 39
      },
      "rawText": null,
      "isDemo": false
    },
    {
      "id": "d6775868892c",
      "system": "profilaxia-cirurgica",
      "type": "pathology",
      "title": "B) Alergia a betalactâmico",
      "slug": "b-alergia-a-betalactamico",
      "source": {
        "pdf": "GUIA ATB - FINAL 2.pdf",
        "toc_page": 39,
        "page_start": 39,
        "page_end": 39
      },
      "rawText": null,
      "isDemo": false
    },
    {
      "id": "3106ca520708",
      "system": "profilaxia-cirurgica",
      "type": "topic",
      "title": "5) Escolha rápida por procedimento (os mais comuns)",
      "slug": "5-escolha-rapida-por-procedimento-os-mais-comuns",
      "source": {
        "pdf": "GUIA ATB - FINAL 2.pdf",
        "toc_page": 39,
        "page_start": 39,
        "page_end": 40
      },
      "rawText": null,
      "isDemo": false
    }
  ]
}